{
  "name": "vantage-editor",
  "type": "project:application",
  "build": {
    "targets": [
      {
        "id": "web",
        "displayName": "Web",
        "index": "index.html",
        "baseDir": ".",
        "output": "scripts"
      }
    ],
    "options": {
      "minify": "beta & prod",
      "sourcemaps": "dev & beta"
    },
    "bundles": [
      {
        "name": "editor-bundle.js",
        "source": [
          "[**/*.js]",
          "**/*.{css,html}"
        ]
      },
      {
        "name": "vendor-bundle.js",
        "prepend": [
          "node_modules/bluebird/js/browser/bluebird.core.js",
          {
            "path": "node_modules/aurelia-cli/lib/resources/scripts/configure-bluebird-no-long-stacktraces.js",
            "env": "beta & prod"
          },
          {
            "path": "node_modules/aurelia-cli/lib/resources/scripts/configure-bluebird.js",
            "env": "dev"
          },
          "node_modules/requirejs/require.js"
        ],
        "dependencies": [
          "tslib",
          "aurelia-binding",
          "aurelia-bootstrapper",
          "aurelia-dependency-injection",
          "aurelia-event-aggregator",
          "aurelia-framework",
          "aurelia-loader",
          "aurelia-loader-default",
          "aurelia-logging",
          "aurelia-logging-console",
          "aurelia-metadata",
          "aurelia-pal",
          "aurelia-pal-browser",
          "aurelia-path",
          "aurelia-polyfills",
          "aurelia-task-queue",
          "aurelia-templating",
          "aurelia-templating-binding",
          "aurelia-templating-resources",
          "big-integer",
          "crc-32",
          "text",
          {
            "name": "aurelia-templating-resources",
            "path": "../node_modules/aurelia-templating-resources/dist/amd",
            "main": "aurelia-templating-resources"
          },
          {
            "name": "aurelia-testing",
            "path": "../node_modules/aurelia-testing/dist/amd",
            "main": "aurelia-testing",
            "env": "dev"
          },
          {
            "name": "libvantage",
            "path": "../node_modules/libvantage/dist",
            "main": "index",
            "resources": [
              "vantage.css",
              "resources/elements/card.js",
              "resources/elements/card.html",
              "resources/elements/card.css",
              "resources/elements/v-button.js",
              "resources/elements/v-button.html",
              "resources/elements/v-button.css",
              "resources/elements/v-number.js",
              "resources/elements/v-number.html",
              "resources/elements/v-number.css",
              "resources/elements/v-selection.js",
              "resources/elements/v-selection.html",
              "resources/elements/v-selection.css",
              "resources/elements/v-slider.js",
              "resources/elements/v-slider.html",
              "resources/elements/v-slider.css",
              "resources/elements/v-switch.js",
              "resources/elements/v-switch.html",
              "resources/elements/v-switch.css",
              "resources/elements/v-text.js",
              "resources/elements/v-text.html",
              "resources/elements/v-text.css",
              "resources/elements/v-tree-node.js",
              "resources/elements/v-tree-node.html",
              "resources/elements/v-tree-node.css",
              "resources/elements/v-tree.js",
              "resources/elements/v-tree.html",
              "resources/elements/v-tree.css",
              "resources/value-converters/array.js",
              "resources/value-converters/number.js",
              "resources/value-converters/object.js",
              "resources/images/caret-down-svg.html",
              "resources/images/minus-svg.html",
              "resources/images/plus-svg.html"
            ]
          }
        ]
      }
    ],
    "loader": {
      "type": "require",
      "configTarget": "vendor-bundle.js",
      "includeBundleMetadataInConfig": "auto",
      "plugins": [
        {
          "name": "text",
          "extensions": [
            ".html",
            ".css"
          ],
          "stub": false
        }
      ]
    }
  },
  "platform": {
    "id": "web",
    "displayName": "Web",
    "index": "index.html",
    "baseDir": ".",
    "output": "scripts" 
  },
  "transpiler": {
    "id": "typescript",
    "displayName": "TypeScript",
    "fileExtension": ".ts",
    "dtsSource": [
      "./custom_typings/**/*.d.ts"
    ],
    "source": "src/**/*.ts"
  },
  "markupProcessor": {
    "id": "minimum",
    "displayName": "Minimal Minification",
    "fileExtension": ".html",
    "source": "src/**/*.html"
  },
  "cssProcessor": {
    "id": "none",
    "displayName": "None",
    "fileExtension": ".css",
    "source": "src/**/*.css"
  },
  "editor": {
    "id": "vscode",
    "displayName": "Visual Studio Code"
  },
  "unitTestRunner": {
    "id": "none",
    "displayName": "None"
  },
  "paths": {
    "root": "src"
  }
}
